Parameter Name,Value
General Information,
Sample name:,
Start of measurement:,10*14*2018 6:13:55 PM
Stop of measurement:,10*18*2018 11:27:19 AM
Duration of Measurements:,3 Days
Geometric Parameters,
Soil surface area [cm2]:,249
Soil column height [cm]:,5.1
Position lower tensiometer [cm]:,3.75
Position upper tensiometer [cm]:,1.25
HYPROP Parameters,
Measurement head net weight [g]:,375
Empty soil sampling ring weight [g]:,208
Air entry pressure upper tensiometer [bar]:,8.8
Air entry pressure lower tensiometer [bar]:,8.8
Density of solid substance [g/cm3]:,2.65
Statistical analysis,
Tensiometer [hPa]:,0.15
Scale [g]:,0.05
Sensor Unit Information,
Busnumber:,1
Subaddress:,1
Serial number:,1640
Sensor unit name:,MY-HYPROP---
Firmware Version:,1.4
Scale Information,
Serial number:,184226046
Scale name:,HYPROP Balance
Correction,
Volume correction [ml]:,0
Weight correction [g]:,0
Start/Stop Line,
Start,10*14*2018 6:13:55 PM
Stop,10*16*2018 3:44:10 AM
,
Calculation of water contents,
Calculation of water contents,From dry soil weight [g]:
Initial water content [Vol%]:,0.566262293343592
Dry soil weight [g]:,-93.7
Additional Soil Paramters,
Density [g/cm3]:,-0.95
Porosity [-]:,1.36
Fitting Parameters,
INTERPOL,2
Tensiometer_Mean,2
Polynomial_degree,5
wtheta,1
wk,0.001
Fitting,
Model Description,traditional constrained van Genuchten-Mualem model
Notes,
General data,
- Site coordinates,
- Sampling date,
- Site description,
- Soil type,
- Land use,
Soil physical data,
"- Texture (%clay, %silt, %sand)",
- Soil texture class,
- Sampling depth,
- Organic carbon content,
Sample preparation and handling,
- Initial saturation procedure,
"- Swelling handling (suppressed, not suppressed, under load)",
Date / Time,Tension bottom [hPa],Tension top [hPa],Temperature [°C],Gross weight [g],Net weight [g],Weight change [g]
10*14*2018 6:13:55 PM,-1.37,-0.8,16.46,773.66,190.66,0
10*14*2018 6:14:58 PM,-0.81,1,16.47,773.63,190.63,-0.03
10*14*2018 6:15:59 PM,-0.42,1.66,16.47,773.59,190.59,-0.07
10*14*2018 6:17:03 PM,-0.13,2.02,16.48,773.56,190.56,-0.1
10*14*2018 6:18:08 PM,-0.02,2.18,16.48,773.53,190.53,-0.13
10*14*2018 6:19:10 PM,0.02,2.29,16.48,773.51,190.51,-0.15
10*14*2018 6:20:11 PM,0.08,2.35,16.48,773.49,190.49,-0.17
10*14*2018 6:21:13 PM,0.18,2.43,16.47,773.47,190.47,-0.19
10*14*2018 6:22:15 PM,0.17,2.53,16.46,773.45,190.45,-0.21
10*14*2018 6:23:21 PM,0.28,2.57,16.45,773.42,190.42,-0.24
10*14*2018 6:24:24 PM,0.31,2.67,16.45,773.41,190.41,-0.25
10*14*2018 6:25:27 PM,0.36,2.76,16.44,773.39,190.39,-0.27
10*14*2018 6:26:28 PM,0.41,2.8,16.43,773.37,190.37,-0.29
10*14*2018 6:27:32 PM,0.46,2.84,16.42,773.35,190.35,-0.31
10*14*2018 6:28:35 PM,0.47,2.91,16.41,773.34,190.34,-0.32
10*14*2018 6:29:35 PM,0.51,2.97,16.4,773.32,190.32,-0.34
10*14*2018 6:30:37 PM,0.57,3.05,16.39,773.31,190.31,-0.35
10*14*2018 6:31:42 PM,0.67,3.09,16.38,773.3,190.3,-0.36
10*14*2018 6:32:45 PM,0.67,3.16,16.37,773.28,190.28,-0.38
10*14*2018 6:33:46 PM,0.79,3.23,16.36,773.27,190.27,-0.39
10*14*2018 6:34:48 PM,0.76,3.3,16.36,773.26,190.26,-0.4
10*14*2018 6:35:52 PM,0.86,3.34,16.35,773.24,190.24,-0.42
10*14*2018 6:36:54 PM,0.94,3.44,16.35,773.23,190.23,-0.43
10*14*2018 6:37:55 PM,1,3.53,16.35,773.22,190.22,-0.44
10*14*2018 6:38:58 PM,1.11,3.57,16.34,773.21,190.21,-0.45
10*14*2018 6:40:00 PM,1.16,3.66,16.34,773.19,190.19,-0.47
10*14*2018 6:41:01 PM,-0.16,3.22,16.34,773.18,190.18,-0.48
10*14*2018 6:42:03 PM,-0.12,2.72,16.34,773.17,190.17,-0.49
10*14*2018 6:43:04 PM,0.09,2.67,16.33,773.16,190.16,-0.5
10*14*2018 6:44:06 PM,0.22,2.77,16.33,773.14,190.14,-0.52
10*14*2018 6:45:09 PM,0.33,2.88,16.33,773.13,190.13,-0.53
10*14*2018 6:46:11 PM,0.48,3.01,16.33,773.12,190.12,-0.54
10*14*2018 6:47:11 PM,0.65,3.08,16.33,773.11,190.11,-0.55
10*14*2018 6:48:14 PM,0.73,3.23,16.33,773.09,190.09,-0.57
10*14*2018 6:49:15 PM,0.82,3.36,16.33,773.08,190.08,-0.58
10*14*2018 6:50:16 PM,1.04,3.45,16.33,773.07,190.07,-0.59
10*14*2018 6:51:16 PM,1.11,3.57,16.33,773.06,190.06,-0.6
10*14*2018 6:52:16 PM,1.24,3.71,16.33,773.04,190.04,-0.62
10*14*2018 6:53:17 PM,-0.23,2.88,16.33,773.03,190.03,-0.63
10*14*2018 6:54:20 PM,-0.02,2.68,16.33,773.02,190.02,-0.64
10*14*2018 6:55:21 PM,0.13,2.76,16.33,773.01,190.01,-0.65
10*14*2018 6:56:22 PM,0.32,2.83,16.33,773,190,-0.66
10*14*2018 6:57:26 PM,0.51,2.94,16.33,772.99,189.99,-0.67
10*14*2018 6:58:26 PM,0.6,3.07,16.33,772.97,189.97,-0.69
10*14*2018 6:59:28 PM,0.77,3.24,16.33,772.97,189.97,-0.69
10*14*2018 7:00:30 PM,0.95,3.38,16.33,772.95,189.95,-0.71
10*14*2018 7:01:35 PM,1.1,3.54,16.33,772.94,189.94,-0.72
10*14*2018 7:02:37 PM,-0.69,3.32,16.33,772.93,189.93,-0.73
10*14*2018 7:03:37 PM,-0.51,2.46,16.33,772.92,189.92,-0.74
10*14*2018 7:04:37 PM,-0.31,2.37,16.33,772.9,189.9,-0.76
10*14*2018 7:05:39 PM,-0.13,2.4,16.33,772.9,189.9,-0.76
10*14*2018 7:06:40 PM,-0.02,2.5,16.33,772.88,189.88,-0.78
10*14*2018 7:07:44 PM,0.07,2.65,16.32,772.87,189.87,-0.79
10*14*2018 7:08:48 PM,0.27,2.77,16.32,772.86,189.86,-0.8
10*14*2018 7:09:49 PM,0.45,2.88,16.32,772.85,189.85,-0.81
10*14*2018 7:10:54 PM,0.54,2.99,16.32,772.84,189.84,-0.82
10*14*2018 7:11:58 PM,0.72,3.12,16.32,772.83,189.83,-0.83
10*14*2018 7:13:00 PM,0.86,3.26,16.32,772.82,189.82,-0.84
10*14*2018 7:14:00 PM,0.92,3.42,16.32,772.81,189.81,-0.85
10*14*2018 7:15:04 PM,-0.5,3.8,16.32,772.8,189.8,-0.86
10*14*2018 7:25:06 PM,0.89,3.34,16.32,772.69,189.69,-0.97
10*14*2018 7:35:07 PM,0.72,3.18,16.31,772.59,189.59,-1.07
10*14*2018 7:45:10 PM,0.6,3.13,16.31,772.49,189.49,-1.17
10*14*2018 7:55:11 PM,0.36,2.93,16.3,772.4,189.4,-1.26
10*14*2018 8:05:13 PM,0.19,2.76,16.29,772.31,189.31,-1.35
10*14*2018 8:15:17 PM,-0.12,2.5,16.27,772.23,189.23,-1.43
10*14*2018 8:25:21 PM,-0.36,2.38,16.27,772.14,189.14,-1.52
10*14*2018 8:35:25 PM,-0.48,2.48,16.26,772.05,189.05,-1.61
10*14*2018 8:45:28 PM,0.76,3.29,16.25,771.97,188.97,-1.69
10*14*2018 8:55:29 PM,0.67,3.24,16.25,771.88,188.88,-1.78
10*14*2018 9:05:31 PM,0.45,2.99,16.24,771.81,188.81,-1.85
10*14*2018 9:15:31 PM,0.35,2.96,16.23,771.73,188.73,-1.93
10*14*2018 9:25:31 PM,0.22,2.8,16.21,771.65,188.65,-2.01
10*14*2018 9:35:35 PM,0.24,2.91,16.2,771.57,188.57,-2.09
10*14*2018 9:45:37 PM,0.26,2.96,16.18,771.49,188.49,-2.17
10*14*2018 9:55:38 PM,0.38,3,16.17,771.41,188.41,-2.25
10*14*2018 10:05:38 PM,0.61,3.37,16.15,771.33,188.33,-2.33
10*14*2018 10:15:40 PM,2.14,4.68,16.14,771.25,188.25,-2.41
10*14*2018 10:25:45 PM,1.13,3.77,16.13,771.18,188.18,-2.48
10*14*2018 10:35:46 PM,0.89,3.48,16.12,771.11,188.11,-2.55
10*14*2018 10:45:50 PM,1.26,3.88,16.12,771.05,188.05,-2.61
10*14*2018 10:55:55 PM,0.32,3.35,16.11,770.98,187.98,-2.68
10*14*2018 11:06:00 PM,0.2,3.33,16.11,770.91,187.91,-2.75
10*14*2018 11:16:05 PM,0.96,3.64,16.11,770.85,187.85,-2.81
10*14*2018 11:26:08 PM,0.51,3.16,16.11,770.78,187.78,-2.88
10*14*2018 11:36:09 PM,2.07,4.66,16.11,770.72,187.72,-2.94
10*14*2018 11:46:14 PM,-0.38,3.25,16.11,770.66,187.66,-3
10*14*2018 11:56:15 PM,-0.21,3.28,16.1,770.59,187.59,-3.07
10*15*2018 12:06:18 AM,-0.18,3.21,16.1,770.53,187.53,-3.13
10*15*2018 12:16:23 AM,-0.33,2.36,16.09,770.46,187.46,-3.2
10*15*2018 12:26:24 AM,-0.23,2.54,16.08,770.4,187.4,-3.26
10*15*2018 12:36:27 AM,-0.24,2.55,16.07,770.34,187.34,-3.32
10*15*2018 12:46:33 AM,-0.09,2.63,16.07,770.29,187.29,-3.37
10*15*2018 12:56:37 AM,0.08,2.79,16.07,770.24,187.24,-3.42
10*15*2018 1:06:41 AM,0.35,3,16.07,770.18,187.18,-3.48
10*15*2018 1:16:46 AM,0.63,3.3,16.07,770.13,187.13,-3.53
10*15*2018 1:26:52 AM,1.02,3.71,16.06,770.07,187.07,-3.59
10*15*2018 1:36:52 AM,0.94,3.6,16.05,770.01,187.01,-3.65
10*15*2018 1:46:54 AM,0.87,3.48,16.04,769.95,186.95,-3.71
10*15*2018 1:56:56 AM,0.86,3.48,16.02,769.89,186.89,-3.77
10*15*2018 2:06:58 AM,0.69,3.3,16.01,769.84,186.84,-3.82
10*15*2018 2:16:58 AM,0.54,3.24,15.99,769.78,186.78,-3.88
10*15*2018 2:26:59 AM,0.49,3.16,15.98,769.73,186.73,-3.93
10*15*2018 2:37:01 AM,0.42,3.16,15.97,769.67,186.67,-3.99
10*15*2018 2:47:02 AM,0.38,3.09,15.95,769.62,186.62,-4.04
10*15*2018 2:57:08 AM,1.14,3.86,15.93,769.55,186.55,-4.11
10*15*2018 3:07:08 AM,1.22,3.94,15.91,769.49,186.49,-4.17
10*15*2018 3:17:14 AM,0.75,3.68,15.9,769.43,186.43,-4.23
10*15*2018 3:27:19 AM,1.62,4.33,15.89,769.37,186.37,-4.29
10*15*2018 3:37:20 AM,1.46,4.43,15.87,769.31,186.31,-4.35
10*15*2018 3:47:23 AM,1.65,4.25,15.86,769.25,186.25,-4.41
10*15*2018 3:57:23 AM,1.45,4.04,15.85,769.2,186.2,-4.46
10*15*2018 4:07:27 AM,1.34,3.96,15.84,769.15,186.15,-4.51
10*15*2018 4:17:30 AM,1.02,3.76,15.82,769.08,186.08,-4.58
10*15*2018 4:27:32 AM,1.08,4,15.81,769.03,186.03,-4.63
10*15*2018 4:37:36 AM,2.31,4.93,15.81,768.97,185.97,-4.69
10*15*2018 4:47:40 AM,1.42,4.14,15.79,768.91,185.91,-4.75
10*15*2018 4:57:44 AM,0.76,3.45,15.78,768.86,185.86,-4.8
10*15*2018 5:07:44 AM,0.77,3.36,15.77,768.8,185.8,-4.86
10*15*2018 5:17:48 AM,1.59,4.58,15.75,768.75,185.75,-4.91
10*15*2018 5:27:52 AM,1.39,4.19,15.74,768.69,185.69,-4.97
10*15*2018 5:37:56 AM,1.46,4.23,15.72,768.63,185.63,-5.03
10*15*2018 5:47:59 AM,1.21,4.36,15.7,768.57,185.57,-5.09
10*15*2018 5:58:02 AM,2.21,4.91,15.68,768.51,185.51,-5.15
10*15*2018 6:08:02 AM,2.39,5.02,15.66,768.46,185.46,-5.2
10*15*2018 6:18:08 AM,2.67,5.3,15.64,768.39,185.39,-5.27
10*15*2018 6:28:12 AM,2.42,5.27,15.63,768.34,185.34,-5.32
10*15*2018 6:38:17 AM,4.33,6.91,15.63,768.29,185.29,-5.37
10*15*2018 6:48:22 AM,4.68,7.22,15.63,768.22,185.22,-5.44
10*15*2018 6:58:23 AM,4.35,7.34,15.63,768.16,185.16,-5.5
10*15*2018 7:08:27 AM,5.11,7.99,15.62,768.11,185.11,-5.55
10*15*2018 7:18:28 AM,5.85,8.51,15.61,768.06,185.06,-5.6
10*15*2018 7:28:30 AM,5.69,8.34,15.6,768,185,-5.66
10*15*2018 7:38:31 AM,6.27,8.85,15.58,767.95,184.95,-5.71
10*15*2018 7:48:34 AM,6.81,9.48,15.56,767.89,184.89,-5.77
10*15*2018 7:58:35 AM,8.14,10.75,15.55,767.84,184.84,-5.82
10*15*2018 8:08:37 AM,8.6,11.13,15.54,767.78,184.78,-5.88
10*15*2018 8:18:39 AM,8.71,11.37,15.54,767.72,184.72,-5.94
10*15*2018 8:28:42 AM,10.35,12.92,15.53,767.67,184.67,-5.99
10*15*2018 8:38:44 AM,11.06,13.72,15.54,767.61,184.61,-6.05
10*15*2018 8:48:46 AM,11.78,14.38,15.55,767.55,184.55,-6.11
10*15*2018 8:58:47 AM,13.53,16.39,15.55,767.5,184.5,-6.16
10*15*2018 9:08:49 AM,14.5,17.51,15.66,767.46,184.46,-6.2
10*15*2018 9:18:50 AM,15.38,18.64,16.08,767.39,184.39,-6.27
10*15*2018 9:28:50 AM,16.81,20.08,16.71,767.29,184.29,-6.37
10*15*2018 9:38:54 AM,18.55,21.88,17.41,767.17,184.17,-6.49
10*15*2018 9:48:58 AM,19.38,22.7,18.13,767.05,184.05,-6.61
10*15*2018 9:59:01 AM,20.42,23.42,18.81,766.97,183.97,-6.69
10*15*2018 10:09:04 AM,22.03,24.95,19.31,766.88,183.88,-6.78
10*15*2018 10:19:10 AM,23.76,26.61,19.7,766.8,183.8,-6.86
10*15*2018 10:29:15 AM,25.27,28.07,20.01,766.71,183.71,-6.95
10*15*2018 10:39:17 AM,26.84,29.64,20.29,766.63,183.63,-7.03
10*15*2018 10:49:21 AM,28.58,31.43,20.53,766.55,183.55,-7.11
10*15*2018 10:59:23 AM,30.35,33.07,20.73,766.47,183.47,-7.19
10*15*2018 11:09:24 AM,31.88,34.7,20.91,766.39,183.39,-7.27
10*15*2018 11:19:26 AM,33.53,36.21,21.08,766.3,183.3,-7.36
10*15*2018 11:29:29 AM,35.44,38.16,21.24,766.22,183.22,-7.44
10*15*2018 11:39:30 AM,37.37,40.19,21.39,766.13,183.13,-7.53
10*15*2018 11:49:33 AM,39.05,41.93,21.56,766.05,183.05,-7.61
10*15*2018 11:59:36 AM,40.83,43.61,21.72,765.98,182.98,-7.68
10*15*2018 12:09:41 PM,42.73,45.46,21.88,765.89,182.89,-7.77
10*15*2018 12:19:44 PM,44.11,46.75,22,765.81,182.81,-7.85
10*15*2018 12:29:47 PM,45.32,48.08,22.03,765.73,182.73,-7.93
10*15*2018 12:39:48 PM,46.96,49.68,22.01,765.67,182.67,-7.99
10*15*2018 12:49:49 PM,48.55,51.13,21.97,765.6,182.6,-8.06
10*15*2018 12:59:50 PM,50.28,53.04,21.9,765.55,182.55,-8.11
10*15*2018 1:09:51 PM,51.89,54.42,21.82,765.49,182.49,-8.17
10*15*2018 1:19:57 PM,53.34,56.03,21.73,765.44,182.44,-8.22
10*15*2018 1:30:00 PM,55.37,58.24,21.64,765.38,182.38,-8.28
10*15*2018 1:40:05 PM,57.71,60.39,21.54,765.31,182.31,-8.35
10*15*2018 1:50:08 PM,59.39,62.15,21.43,765.25,182.25,-8.41
10*15*2018 2:00:13 PM,61.31,64.05,21.33,765.18,182.18,-8.48
10*15*2018 2:10:14 PM,62.96,65.64,21.25,765.13,182.13,-8.53
10*15*2018 2:20:17 PM,64.2,66.95,21.18,765.08,182.08,-8.58
10*15*2018 2:30:20 PM,65.45,68.16,21.12,765.03,182.03,-8.63
10*15*2018 2:40:24 PM,66.89,69.6,21.09,764.98,181.98,-8.68
10*15*2018 2:50:25 PM,68.36,71.14,21.06,764.92,181.92,-8.74
10*15*2018 3:00:28 PM,69.6,72.29,21.02,764.87,181.87,-8.79
10*15*2018 3:10:32 PM,70.81,73.52,20.99,764.82,181.82,-8.84
10*15*2018 3:20:37 PM,72.21,75.05,20.96,764.76,181.76,-8.9
10*15*2018 3:30:37 PM,73.74,76.53,20.93,764.71,181.71,-8.95
10*15*2018 3:40:40 PM,75.62,78.43,20.91,764.64,181.64,-9.02
10*15*2018 3:50:43 PM,76.65,79.68,20.87,764.58,181.58,-9.08
10*15*2018 4:00:44 PM,78.77,81.74,20.83,764.5,181.5,-9.16
10*15*2018 4:10:44 PM,80.55,83.51,20.77,764.43,181.43,-9.23
10*15*2018 4:20:46 PM,82.01,85.04,20.72,764.36,181.36,-9.3
10*15*2018 4:30:47 PM,83.72,86.76,20.68,764.29,181.29,-9.37
10*15*2018 4:40:48 PM,85.09,88.13,20.64,764.23,181.23,-9.43
10*15*2018 4:50:53 PM,86.77,89.67,20.6,764.15,181.15,-9.51
10*15*2018 5:00:53 PM,88.18,91.19,20.56,764.08,181.08,-9.58
10*15*2018 5:10:55 PM,89.35,92.42,20.52,764.02,181.02,-9.64
10*15*2018 5:20:59 PM,90.73,93.71,20.49,763.94,180.94,-9.72
10*15*2018 5:31:02 PM,92.13,95.15,20.45,763.86,180.86,-9.8
10*15*2018 5:41:04 PM,93.16,96.29,20.39,763.78,180.78,-9.88
10*15*2018 5:51:06 PM,94.08,97,20.32,763.72,180.72,-9.94
10*15*2018 6:01:11 PM,95.14,98.17,20.25,763.65,180.65,-10.01
10*15*2018 6:11:14 PM,96.05,99,20.17,763.6,180.6,-10.06
10*15*2018 6:21:16 PM,97.78,100.84,20.08,763.52,180.52,-10.14
10*15*2018 6:31:19 PM,99.05,101.83,19.96,763.45,180.45,-10.21
10*15*2018 6:41:21 PM,100.11,103.19,19.85,763.4,180.4,-10.26
10*15*2018 6:51:25 PM,101.16,104.22,19.74,763.33,180.33,-10.33
10*15*2018 7:01:26 PM,102.48,105.62,19.63,763.26,180.26,-10.4
10*15*2018 7:11:31 PM,104.05,107.27,19.5,763.19,180.19,-10.47
10*15*2018 7:21:33 PM,105.31,108.58,19.37,763.13,180.13,-10.53
10*15*2018 7:31:37 PM,106.73,109.96,19.25,763.05,180.05,-10.61
10*15*2018 7:41:40 PM,107.88,111.03,19.13,762.98,179.98,-10.68
10*15*2018 7:51:43 PM,108.72,112.09,19.03,762.92,179.92,-10.74
10*15*2018 8:01:46 PM,110.01,113.42,18.94,762.86,179.86,-10.8
10*15*2018 8:11:47 PM,111.41,114.76,18.85,762.79,179.79,-10.87
10*15*2018 8:21:52 PM,112.41,115.79,18.76,762.72,179.72,-10.94
10*15*2018 8:31:52 PM,113.25,116.59,18.68,762.67,179.67,-10.99
10*15*2018 8:41:55 PM,114.4,117.88,18.6,762.61,179.61,-11.05
10*15*2018 8:51:56 PM,115.68,119.22,18.53,762.55,179.55,-11.11
10*15*2018 9:01:56 PM,116.85,120.37,18.46,762.49,179.49,-11.17
10*15*2018 9:12:01 PM,117.85,121.33,18.39,762.42,179.42,-11.24
10*15*2018 9:22:06 PM,119.18,122.67,18.32,762.36,179.36,-11.3
10*15*2018 9:32:10 PM,120.37,124.03,18.25,762.29,179.29,-11.37
10*15*2018 9:42:15 PM,121.68,125.25,18.19,762.21,179.21,-11.45
10*15*2018 9:52:18 PM,122.66,126.39,18.12,762.16,179.16,-11.5
10*15*2018 10:02:22 PM,124.08,127.85,18.07,762.1,179.1,-11.56
10*15*2018 10:12:26 PM,125.15,128.88,18.01,762.04,179.04,-11.62
10*15*2018 10:22:30 PM,126.42,130.22,17.97,761.98,178.98,-11.68
10*15*2018 10:32:34 PM,127.55,131.31,17.92,761.91,178.91,-11.75
10*15*2018 10:42:36 PM,128.53,132.31,17.88,761.85,178.85,-11.81
10*15*2018 10:52:38 PM,129.74,133.61,17.84,761.79,178.79,-11.87
10*15*2018 11:02:43 PM,130.78,134.86,17.81,761.74,178.74,-11.92
10*15*2018 11:12:44 PM,132.24,136.28,17.77,761.68,178.68,-11.98
10*15*2018 11:22:47 PM,133.61,137.73,17.72,761.61,178.61,-12.05
10*15*2018 11:32:49 PM,134.82,138.98,17.68,761.56,178.56,-12.1
10*15*2018 11:42:50 PM,135.83,140.14,17.64,761.5,178.5,-12.16
10*15*2018 11:52:50 PM,137.23,141.45,17.61,761.44,178.44,-12.22
10*16*2018 12:02:55 AM,138.76,142.99,17.58,761.37,178.37,-12.29
10*16*2018 12:13:00 AM,139.91,144.02,17.53,761.31,178.31,-12.35
10*16*2018 12:23:03 AM,140.86,144.99,17.5,761.25,178.25,-12.41
10*16*2018 12:33:06 AM,140.27,146.78,17.48,761.19,178.19,-12.47
10*16*2018 12:43:09 AM,136.82,145.1,17.44,761.13,178.13,-12.53
10*16*2018 12:53:10 AM,136.58,143.98,17.41,761.08,178.08,-12.58
10*16*2018 1:03:16 AM,137.82,144.16,17.39,761.02,178.02,-12.64
10*16*2018 1:13:16 AM,139.76,145.54,17.38,760.97,177.97,-12.69
10*16*2018 1:23:20 AM,141.48,146.98,17.37,760.91,177.91,-12.75
10*16*2018 1:33:23 AM,142.61,147.98,17.35,760.86,177.86,-12.8
10*16*2018 1:43:28 AM,143.8,149.06,17.33,760.81,177.81,-12.85
10*16*2018 1:53:33 AM,145.31,150.36,17.31,760.75,177.75,-12.91
10*16*2018 2:03:38 AM,146.79,152.37,17.29,760.7,177.7,-12.96
10*16*2018 2:13:40 AM,147.82,153.25,17.26,760.64,177.64,-13.02
10*16*2018 2:23:45 AM,149.01,154.28,17.24,760.59,177.59,-13.07
10*16*2018 2:33:46 AM,150.45,155.61,17.23,760.52,177.52,-13.14
10*16*2018 2:43:48 AM,151.52,156.79,17.21,760.47,177.47,-13.19
10*16*2018 2:53:50 AM,152.75,157.92,17.19,760.42,177.42,-13.24
10*16*2018 3:03:51 AM,153.82,159.31,17.17,760.37,177.37,-13.29
10*16*2018 3:13:56 AM,154.87,161.11,17.14,760.32,177.32,-13.34
10*16*2018 3:24:00 AM,156.81,162.56,17.11,760.25,177.25,-13.41
10*16*2018 3:34:05 AM,157.77,163.5,17.09,760.2,177.2,-13.46
10*16*2018 3:44:10 AM,159.23,164.82,17.07,760.15,177.15,-13.51
10*16*2018 3:54:12 AM,160.53,166.08,17.05,760.1,177.1,-13.56
10*16*2018 11:47:18 AM,238.93,249.46,18.05,757.59,174.59,-16.07
10*16*2018 11:57:22 AM,241.32,251.98,18.11,757.53,174.53,-16.13
10*16*2018 12:07:24 PM,243.59,254.11,18.18,757.48,174.48,-16.18
10*16*2018 12:17:24 PM,245.9,256.59,18.26,757.42,174.42,-16.24
10*16*2018 12:27:27 PM,247.99,258.2,18.34,757.38,174.38,-16.28
10*16*2018 12:37:31 PM,250.01,260.92,18.42,757.32,174.32,-16.34
10*16*2018 12:47:32 PM,252.45,263.44,18.49,757.27,174.27,-16.39
10*16*2018 12:57:35 PM,254.53,265.3,18.55,757.21,174.21,-16.45
10*16*2018 1:07:36 PM,256.72,268.3,18.62,757.16,174.16,-16.5
10*16*2018 1:17:38 PM,259.07,271.04,18.67,757.11,174.11,-16.55
10*16*2018 1:27:40 PM,261.64,274.31,18.79,757.05,174.05,-16.61
10*16*2018 1:37:44 PM,264.06,276.46,18.96,757,174,-16.66
10*16*2018 1:47:45 PM,266.09,278.36,19.17,756.95,173.95,-16.71
10*16*2018 1:57:46 PM,268.07,280.56,19.39,756.9,173.9,-16.76
10*16*2018 2:07:48 PM,270.12,283.01,19.62,756.85,173.85,-16.81
10*16*2018 2:17:50 PM,272.36,285.11,19.83,756.79,173.79,-16.87
10*16*2018 2:27:51 PM,274.43,287.41,20.03,756.73,173.73,-16.93
10*16*2018 2:37:54 PM,276.64,289.99,20.22,756.68,173.68,-16.98
10*16*2018 2:47:55 PM,279.03,292.55,20.4,756.62,173.62,-17.04
10*16*2018 2:58:00 PM,281.42,295.24,20.56,756.56,173.56,-17.1
10*16*2018 3:08:03 PM,283.9,298.29,20.72,756.49,173.49,-17.17
10*16*2018 3:18:03 PM,286.75,303.06,20.86,756.42,173.42,-17.24
10*16*2018 3:28:06 PM,290.04,307.32,20.99,756.34,173.34,-17.32
10*16*2018 3:38:10 PM,293.45,311.86,21.11,756.26,173.26,-17.4
10*16*2018 3:48:11 PM,297.08,316.3,21.22,756.18,173.18,-17.48
10*16*2018 3:58:15 PM,300.76,320.9,21.32,756.09,173.09,-17.57
10*16*2018 4:08:21 PM,304.64,325.87,21.42,756.01,173.01,-17.65
10*16*2018 4:18:24 PM,308.74,331.31,21.5,755.91,172.91,-17.75
10*16*2018 4:28:25 PM,313.04,336.71,21.58,755.82,172.82,-17.84
10*16*2018 4:38:27 PM,317.5,342.23,21.64,755.73,172.73,-17.93
10*16*2018 4:48:28 PM,322.02,348.21,21.69,755.63,172.63,-18.03
10*16*2018 4:58:28 PM,326.71,353.91,21.74,755.54,172.54,-18.12
10*16*2018 5:08:30 PM,331.37,359.48,21.8,755.45,172.45,-18.21
10*16*2018 5:18:30 PM,336.12,365.45,21.85,755.35,172.35,-18.31
10*16*2018 5:28:32 PM,341.19,371.68,21.89,755.26,172.26,-18.4
10*16*2018 5:38:35 PM,346.29,377.39,21.91,755.17,172.17,-18.49
10*16*2018 5:48:39 PM,351.32,383,21.92,755.08,172.08,-18.58
10*16*2018 5:58:43 PM,356.33,387.99,21.93,755.01,172.01,-18.65
10*16*2018 6:08:49 PM,361.04,392.89,21.94,754.93,171.93,-18.73
10*16*2018 6:18:53 PM,365.61,397.75,21.96,754.86,171.86,-18.8
10*16*2018 6:28:54 PM,370.32,403.26,21.97,754.78,171.78,-18.88
10*16*2018 6:39:00 PM,375.11,408.04,21.96,754.72,171.72,-18.94
10*16*2018 6:49:01 PM,379.5,412.56,21.96,754.65,171.65,-19.01
10*16*2018 6:59:03 PM,226.15,413.17,21.97,754.59,171.59,-19.07
10*16*2018 7:09:03 PM,292.74,391.45,21.97,754.53,171.53,-19.13
10*16*2018 7:19:04 PM,322.33,388.4,21.97,754.46,171.46,-19.2
10*16*2018 7:29:05 PM,339.94,395.31,21.98,754.41,171.41,-19.25
10*16*2018 7:39:10 PM,353.28,404.6,21.98,754.34,171.34,-19.32
10*16*2018 7:49:12 PM,365.23,413.72,21.98,754.28,171.28,-19.38
10*16*2018 7:59:16 PM,375.11,419.58,21.99,754.21,171.21,-19.45
10*16*2018 8:09:17 PM,380.93,424.19,21.99,754.15,171.15,-19.51
10*16*2018 8:19:18 PM,385.28,429.01,21.99,754.09,171.09,-19.57
10*16*2018 8:29:20 PM,389.41,433.51,22.01,754.03,171.03,-19.63
10*16*2018 8:39:23 PM,393.45,438.07,22.03,753.96,170.96,-19.7
10*16*2018 8:49:29 PM,400.43,442.84,22.05,753.9,170.9,-19.76
10*16*2018 8:59:32 PM,405.82,447.99,22.08,753.84,170.84,-19.82
10*16*2018 9:09:38 PM,410.8,452.73,22.09,753.78,170.78,-19.88
10*16*2018 9:19:42 PM,415.54,457.52,22.12,753.71,170.71,-19.95
10*16*2018 9:29:47 PM,420.06,462.58,22.17,753.64,170.64,-20.02
10*16*2018 9:39:48 PM,424.54,467.65,22.21,753.57,170.57,-20.09
10*16*2018 9:49:54 PM,428.93,473.07,22.25,753.51,170.51,-20.15
10*16*2018 9:59:56 PM,433.47,478.35,22.29,753.44,170.44,-20.22
10*16*2018 10:09:58 PM,437.9,483.89,22.32,753.38,170.38,-20.28
10*16*2018 10:19:58 PM,442.34,489.17,22.36,753.31,170.31,-20.35
10*16*2018 10:30:02 PM,446.6,494.56,22.42,753.25,170.25,-20.41
10*16*2018 10:40:02 PM,450.54,500.13,22.46,753.18,170.18,-20.48
10*16*2018 10:50:04 PM,453.75,505.89,22.5,753.12,170.12,-20.54
10*16*2018 11:00:04 PM,457.66,511.76,22.54,753.05,170.05,-20.61
10*16*2018 11:10:09 PM,462.44,517.43,22.57,752.99,169.99,-20.67
10*16*2018 11:20:13 PM,467.17,523.32,22.62,752.92,169.92,-20.74
10*16*2018 11:30:15 PM,472.4,529.45,22.68,752.85,169.85,-20.81
10*16*2018 11:40:16 PM,477.28,535.64,22.73,752.79,169.79,-20.87
10*16*2018 11:50:19 PM,482.18,541.82,22.76,752.72,169.72,-20.94
10*17*2018 12:00:20 AM,486.28,548.19,22.8,752.65,169.65,-21.01
10*17*2018 12:10:22 AM,490.13,554.64,22.83,752.58,169.58,-21.08
10*17*2018 12:20:27 AM,494.35,561.36,22.87,752.51,169.51,-21.15
10*17*2018 12:30:28 AM,498.14,567.38,22.92,752.44,169.44,-21.22
10*17*2018 12:40:34 AM,501.34,574.9,22.96,752.37,169.37,-21.29
10*17*2018 12:50:37 AM,504.89,581.7,22.99,752.3,169.3,-21.36
10*17*2018 1:00:42 AM,509.11,588.53,23.01,752.23,169.23,-21.43
10*17*2018 1:10:45 AM,513.14,595.53,23.04,752.16,169.16,-21.5
10*17*2018 1:20:46 AM,517.59,602.14,23.07,752.09,169.09,-21.57
10*17*2018 1:30:48 AM,519.51,608.8,23.12,752.03,169.03,-21.63
10*17*2018 1:40:53 AM,520.49,615.63,23.16,751.96,168.96,-21.7
10*17*2018 1:50:57 AM,526.11,622.72,23.19,751.89,168.89,-21.77
10*17*2018 2:01:00 AM,529.45,629.67,23.22,751.83,168.83,-21.83
10*17*2018 2:11:00 AM,530.98,636.74,23.24,751.75,168.75,-21.91
10*17*2018 2:21:04 AM,532.87,643.83,23.27,751.68,168.68,-21.98
10*17*2018 2:31:07 AM,535.86,650.87,23.3,751.61,168.61,-22.05
10*17*2018 2:41:09 AM,541.51,657.93,23.33,751.55,168.55,-22.11
10*17*2018 2:51:13 AM,546.57,664.93,23.35,751.47,168.47,-22.19
10*17*2018 3:01:13 AM,551.25,672.14,23.38,751.4,168.4,-22.26
10*17*2018 3:11:15 AM,555.89,679.46,23.4,751.33,168.33,-22.33
10*17*2018 3:21:20 AM,560.45,686.76,23.44,751.26,168.26,-22.4
10*17*2018 3:31:22 AM,565.59,693.93,23.48,751.19,168.19,-22.47
10*17*2018 3:41:27 AM,569.58,701.25,23.5,751.12,168.12,-22.54
10*17*2018 3:51:31 AM,574.42,708.69,23.53,751.05,168.05,-22.61
10*17*2018 4:01:33 AM,580.35,716.18,23.55,750.99,167.99,-22.67
10*17*2018 4:11:33 AM,586.21,723.65,23.56,750.91,167.91,-22.75
10*17*2018 4:21:39 AM,592.51,731,23.59,750.83,167.83,-22.83
10*17*2018 4:31:43 AM,598.56,738.54,23.63,750.77,167.77,-22.89
10*17*2018 4:41:47 AM,604.8,746.08,23.66,750.7,167.7,-22.96
10*17*2018 4:51:48 AM,610.82,753.66,23.68,750.63,167.63,-23.03
10*17*2018 5:01:52 AM,616.84,761.11,23.69,750.56,167.56,-23.1
10*17*2018 5:11:56 AM,622.63,768.69,23.71,750.48,167.48,-23.18
10*17*2018 5:22:01 AM,627.94,727.64,23.75,750.41,167.41,-23.25
10*17*2018 5:32:04 AM,632.8,739.52,23.78,750.35,167.35,-23.31
10*17*2018 5:42:07 AM,638.19,750.57,23.81,750.28,167.28,-23.38
10*17*2018 5:52:07 AM,643.55,760.07,23.82,750.21,167.21,-23.45
10*17*2018 6:02:10 AM,648.86,768.64,23.83,750.14,167.14,-23.52
10*17*2018 6:12:11 AM,653.94,760.5,23.85,750.07,167.07,-23.59
10*17*2018 6:22:11 AM,658.97,745.73,23.88,749.99,166.99,-23.67
10*17*2018 6:32:15 AM,663.98,750.69,23.91,749.93,166.93,-23.73
10*17*2018 6:42:16 AM,668.96,758,23.93,749.87,166.87,-23.79
10*17*2018 6:52:20 AM,674.14,765.36,23.94,749.79,166.79,-23.87
10*17*2018 7:02:27 AM,679.28,772.06,23.95,749.73,166.73,-23.93
10*17*2018 7:12:28 AM,684.36,778.07,23.97,749.66,166.66,-24
10*17*2018 7:22:32 AM,689.31,783.53,23.99,749.59,166.59,-24.07
10*17*2018 7:32:34 AM,694.3,788.51,24.02,749.53,166.53,-24.13
10*17*2018 7:42:39 AM,699.23,783.35,24.04,749.46,166.46,-24.2
10*17*2018 7:52:45 AM,704.26,788.62,24.05,749.39,166.39,-24.27
10*17*2018 8:02:46 AM,709.11,793.95,24.06,749.32,166.32,-24.34
10*17*2018 8:12:47 AM,713.9,798.53,24.08,749.26,166.26,-24.4
10*17*2018 8:22:49 AM,718.55,802.67,24.12,749.19,166.19,-24.47
10*17*2018 8:32:53 AM,723.32,806.5,24.16,749.13,166.13,-24.53
10*17*2018 8:42:58 AM,727.95,809.97,24.19,749.05,166.05,-24.61
10*17*2018 8:52:59 AM,732.58,813.11,24.22,748.99,165.99,-24.67
10*17*2018 9:03:01 AM,737.17,816.02,24.26,748.92,165.92,-24.74
10*17*2018 9:13:03 AM,741.72,818.69,24.31,748.85,165.85,-24.81
10*17*2018 9:23:04 AM,746.26,821.09,24.36,748.79,165.79,-24.87
10*17*2018 9:33:06 AM,750.78,823.34,24.41,748.74,165.74,-24.92
10*17*2018 9:43:08 AM,755.46,825.46,24.45,748.67,165.67,-24.99
10*17*2018 9:53:14 AM,760.08,827.48,24.49,748.61,165.61,-25.05
10*17*2018 10:03:19 AM,764.59,829.39,24.52,748.54,165.54,-25.12
10*17*2018 10:13:24 AM,768.95,831.12,24.57,748.49,165.49,-25.17
10*17*2018 10:23:30 AM,773.4,832.71,24.63,748.42,165.42,-25.24
10*17*2018 10:33:33 AM,779.17,833.38,24.56,748.32,165.32,-25.34
10*17*2018 10:43:34 AM,785.45,834.94,24.35,748.26,165.26,-25.4
10*17*2018 10:53:36 AM,791.63,836.78,24.09,748.19,165.19,-25.47
10*17*2018 11:03:37 AM,798.22,838.76,23.8,748.12,165.12,-25.54
10*17*2018 11:13:39 AM,804.71,840.82,23.48,748.06,165.06,-25.6
10*17*2018 11:23:43 AM,811.05,842.79,23.2,748.02,165.02,-25.64
10*17*2018 11:33:43 AM,816.95,844.62,22.95,747.97,164.97,-25.69
10*17*2018 11:43:47 AM,822.74,846.29,22.74,747.92,164.92,-25.74
10*17*2018 11:53:51 AM,828.35,847.91,22.54,747.87,164.87,-25.79
10*17*2018 12:03:55 PM,833.76,849.3,22.38,747.85,164.85,-25.81
10*17*2018 12:13:57 PM,838.87,850.54,22.25,747.8,164.8,-25.86
10*17*2018 12:24:13 PM,843.95,851.68,22.14,747.77,164.77,-25.89
10*17*2018 12:34:13 PM,848.95,852.71,22.05,747.73,164.73,-25.93
10*17*2018 12:44:29 PM,853.4,853.65,22,747.71,164.71,-25.95
10*17*2018 12:54:47 PM,857.9,854.41,22,747.67,164.67,-25.99
10*17*2018 1:04:57 PM,862.62,855.19,21.96,747.6,164.6,-26.06
10*17*2018 1:14:58 PM,867.6,855.95,21.88,747.54,164.54,-26.12
10*17*2018 1:25:17 PM,872.61,856.77,21.78,747.52,164.52,-26.14
10*17*2018 1:35:18 PM,877.26,857.52,21.69,747.5,164.5,-26.16
10*17*2018 1:45:33 PM,881.8,858.16,21.62,747.46,164.46,-26.2
10*17*2018 1:55:46 PM,886.23,858.74,21.57,747.43,164.43,-26.23
10*17*2018 2:05:58 PM,890.56,859.3,21.54,747.41,164.41,-26.25
10*17*2018 2:16:08 PM,894.6,859.79,21.53,747.39,164.39,-26.27
10*17*2018 2:26:26 PM,898.69,860.25,21.52,747.34,164.34,-26.32
10*17*2018 2:36:41 PM,902.95,860.75,21.49,747.32,164.32,-26.34
10*17*2018 2:46:52 PM,907.09,861.19,21.46,747.29,164.29,-26.37
10*17*2018 2:57:08 PM,911.27,861.63,21.44,747.26,164.26,-26.4
10*17*2018 3:07:25 PM,915.13,861.95,21.43,747.24,164.24,-26.42
10*17*2018 3:17:32 PM,919.03,862.32,21.43,747.2,164.2,-26.46
10*17*2018 3:27:46 PM,922.99,862.66,21.44,747.17,164.17,-26.49
10*17*2018 3:38:04 PM,926.72,862.99,21.45,747.14,164.14,-26.52
10*17*2018 3:48:11 PM,840.86,863.22,21.49,747.12,164.12,-26.54
10*17*2018 3:58:23 PM,848.96,863.52,21.51,747.09,164.09,-26.57
10*17*2018 4:08:24 PM,851.15,863.77,21.52,747.04,164.04,-26.62
10*17*2018 4:18:36 PM,849.18,864.04,21.54,747.01,164.01,-26.65
10*17*2018 4:28:42 PM,847.68,864.32,21.55,746.98,163.98,-26.68
10*17*2018 4:38:48 PM,843.87,864.58,21.55,746.95,163.95,-26.71
10*17*2018 4:48:57 PM,838.06,864.81,21.55,746.91,163.91,-26.75
10*17*2018 4:59:00 PM,832.54,865.02,21.55,746.88,163.88,-26.78
10*17*2018 5:09:11 PM,826.45,865.21,21.55,746.84,163.84,-26.82
10*17*2018 5:19:21 PM,820.92,865.43,21.55,746.81,163.81,-26.85
10*17*2018 5:29:25 PM,815.12,865.65,21.55,746.77,163.77,-26.89
10*17*2018 5:39:38 PM,810,865.84,21.54,746.74,163.74,-26.92
10*17*2018 5:49:47 PM,805.14,866.03,21.53,746.69,163.69,-26.97
10*17*2018 6:00:00 PM,800.41,866.33,21.49,746.65,163.65,-27.01
10*17*2018 6:10:04 PM,796.64,866.31,21.42,746.61,163.61,-27.05
10*17*2018 6:20:15 PM,793.61,866.68,21.33,746.57,163.57,-27.09
10*17*2018 6:30:29 PM,790.8,867.07,21.22,746.54,163.54,-27.12
10*17*2018 6:40:37 PM,788.29,867.5,21.1,746.5,163.5,-27.16
10*17*2018 6:50:41 PM,786,867.9,20.97,746.47,163.47,-27.19
10*17*2018 7:00:47 PM,783.88,868.37,20.84,746.44,163.44,-27.22
10*17*2018 7:10:58 PM,781.89,868.89,20.71,746.41,163.41,-27.25
10*17*2018 7:21:09 PM,780.3,869.44,20.59,746.38,163.38,-27.28
10*17*2018 7:31:15 PM,778.85,869.92,20.47,746.35,163.35,-27.31
10*17*2018 7:41:18 PM,777.47,870.35,20.35,746.32,163.32,-27.34
10*17*2018 7:51:24 PM,776.18,870.79,20.24,746.29,163.29,-27.37
10*17*2018 8:01:36 PM,774.74,871.22,20.12,746.26,163.26,-27.4
10*17*2018 8:11:51 PM,773.51,871.66,20.01,746.23,163.23,-27.43
10*17*2018 8:22:00 PM,772.62,872.09,19.91,746.21,163.21,-27.45
10*17*2018 8:32:11 PM,771.7,872.48,19.82,746.18,163.18,-27.48
10*17*2018 8:42:20 PM,770.79,872.78,19.74,746.16,163.16,-27.5
10*17*2018 8:52:27 PM,769.85,872.98,19.67,746.14,163.14,-27.52
10*17*2018 9:02:37 PM,768.92,873.38,19.6,746.1,163.1,-27.56
10*17*2018 9:12:39 PM,768.21,873.7,19.53,746.08,163.08,-27.58
10*17*2018 9:22:45 PM,767.66,874.02,19.46,746.05,163.05,-27.61
10*17*2018 9:32:55 PM,767.17,874.35,19.39,746.02,163.02,-27.64
10*17*2018 9:43:09 PM,766.52,874.56,19.32,746,163,-27.66
10*17*2018 9:53:17 PM,766.13,874.95,19.26,745.97,162.97,-27.69
10*17*2018 10:03:21 PM,765.4,875.24,19.2,745.95,162.95,-27.71
10*17*2018 10:13:32 PM,764.95,875.52,19.14,745.92,162.92,-27.74
10*17*2018 10:23:44 PM,764.56,875.8,19.08,745.9,162.9,-27.76
10*17*2018 10:33:59 PM,764.26,876.06,19.02,745.87,162.87,-27.79
10*17*2018 10:44:12 PM,763.97,876.2,18.95,745.84,162.84,-27.82
10*17*2018 10:54:21 PM,763.67,876.27,18.9,745.81,162.81,-27.85
10*17*2018 11:04:31 PM,763.02,876.23,18.84,745.8,162.8,-27.86
10*17*2018 11:14:38 PM,762.76,876.19,18.8,745.77,162.77,-27.89
10*17*2018 11:24:48 PM,762.47,876.18,18.75,745.75,162.75,-27.91
10*17*2018 11:34:58 PM,762.24,876.2,18.7,745.72,162.72,-27.94
10*17*2018 11:45:12 PM,762.11,876.32,18.64,745.7,162.7,-27.96
10*17*2018 11:55:28 PM,762.01,876.44,18.59,745.67,162.67,-27.99
10*18*2018 12:05:35 AM,761.63,876.43,18.53,745.65,162.65,-28.01
10*18*2018 12:15:48 AM,761.47,876.47,18.49,745.63,162.63,-28.03
10*18*2018 12:25:58 AM,761.28,876.47,18.45,745.6,162.6,-28.06
10*18*2018 12:36:10 AM,761.1,876.48,18.4,745.57,162.57,-28.09
10*18*2018 12:46:22 AM,760.89,876.44,18.35,745.55,162.55,-28.11
10*18*2018 12:56:24 AM,760.77,876.5,18.3,745.52,162.52,-28.14
10*18*2018 1:06:40 AM,760.48,876.56,18.25,745.5,162.5,-28.16
10*18*2018 1:16:47 AM,760.39,876.57,18.19,745.48,162.48,-28.18
10*18*2018 1:26:59 AM,760.34,876.65,18.15,745.45,162.45,-28.21
10*18*2018 1:37:09 AM,760.23,876.67,18.11,745.43,162.43,-28.23
10*18*2018 1:47:26 AM,760.07,876.63,18.06,745.4,162.4,-28.26
10*18*2018 1:57:37 AM,759.97,876.67,18.02,745.38,162.38,-28.28
10*18*2018 2:07:44 AM,759.75,876.69,17.97,745.36,162.36,-28.3
10*18*2018 2:17:55 AM,759.63,876.66,17.92,745.33,162.33,-28.33
10*18*2018 2:28:08 AM,759.6,876.73,17.88,745.31,162.31,-28.35
10*18*2018 2:38:16 AM,759.48,876.67,17.83,745.29,162.29,-28.37
10*18*2018 2:48:25 AM,759.47,876.72,17.79,745.27,162.27,-28.39
10*18*2018 2:58:36 AM,759.38,876.74,17.75,745.24,162.24,-28.42
10*18*2018 3:08:47 AM,759.21,876.76,17.71,745.22,162.22,-28.44
10*18*2018 3:19:02 AM,759.19,876.81,17.67,745.2,162.2,-28.46
10*18*2018 3:29:16 AM,759.15,876.87,17.63,745.17,162.17,-28.49
10*18*2018 3:39:25 AM,759,876.81,17.58,745.16,162.16,-28.5
10*18*2018 3:49:32 AM,758.84,876.71,17.54,745.13,162.13,-28.53
10*18*2018 3:59:44 AM,758.65,876.61,17.5,745.12,162.12,-28.54
10*18*2018 4:09:58 AM,758.49,876.62,17.47,745.09,162.09,-28.57
10*18*2018 4:20:16 AM,758.53,876.68,17.44,745.07,162.07,-28.59
10*18*2018 4:30:25 AM,758.43,876.62,17.4,745.04,162.04,-28.62
10*18*2018 4:40:35 AM,758.33,876.61,17.36,745.02,162.02,-28.64
10*18*2018 4:50:49 AM,758.23,876.55,17.32,745,162,-28.66
10*18*2018 5:01:02 AM,758.06,876.48,17.28,744.98,161.98,-28.68
10*18*2018 5:11:07 AM,757.92,876.43,17.24,744.97,161.97,-28.69
10*18*2018 5:21:16 AM,757.89,876.42,17.2,744.95,161.95,-28.71
10*18*2018 5:31:25 AM,757.84,876.43,17.18,744.93,161.93,-28.73
10*18*2018 5:41:33 AM,757.81,876.42,17.15,744.91,161.91,-28.75
10*18*2018 5:51:50 AM,757.76,876.39,17.12,744.89,161.89,-28.77
10*18*2018 6:02:05 AM,757.66,876.4,17.09,744.87,161.87,-28.79
10*18*2018 6:12:14 AM,757.7,876.49,17.07,744.84,161.84,-28.82
10*18*2018 6:22:24 AM,757.69,876.52,17.05,744.82,161.82,-28.84
10*18*2018 6:32:36 AM,757.79,876.63,17.02,744.8,161.8,-28.86
10*18*2018 6:42:48 AM,757.79,876.66,17.01,744.78,161.78,-28.88
10*18*2018 6:53:00 AM,757.74,876.67,16.99,744.75,161.75,-28.91
10*18*2018 7:03:06 AM,757.67,876.68,16.96,744.73,161.73,-28.93
10*18*2018 7:13:14 AM,757.74,876.8,16.94,744.71,161.71,-28.95
10*18*2018 7:23:25 AM,757.76,876.83,16.92,744.69,161.69,-28.97
10*18*2018 7:33:31 AM,757.8,876.9,16.9,744.67,161.67,-28.99
10*18*2018 7:43:42 AM,757.64,876.8,16.88,744.64,161.64,-29.02
10*18*2018 7:53:52 AM,757.51,876.68,16.86,744.62,161.62,-29.04
10*18*2018 8:04:01 AM,757.32,876.56,16.85,744.61,161.61,-29.05
10*18*2018 8:14:11 AM,757.38,876.64,16.83,744.58,161.58,-29.08
10*18*2018 8:24:20 AM,757.42,876.69,16.81,744.57,161.57,-29.09
10*18*2018 8:34:29 AM,757.45,876.75,16.81,744.54,161.54,-29.12
10*18*2018 8:44:36 AM,757.43,876.76,16.8,744.51,161.51,-29.15
10*18*2018 8:54:44 AM,757.35,876.77,16.79,744.49,161.49,-29.17
10*18*2018 9:04:53 AM,757.25,876.77,16.79,744.47,161.47,-29.19
10*18*2018 9:15:03 AM,757.03,876.56,16.8,744.46,161.46,-29.2
10*18*2018 9:25:13 AM,757.05,876.63,16.81,744.44,161.44,-29.22
10*18*2018 9:35:21 AM,756.91,876.51,16.83,744.42,161.42,-29.24
10*18*2018 9:45:37 AM,756.77,876.45,16.84,744.4,161.4,-29.26
10*18*2018 9:55:50 AM,756.7,876.41,16.86,744.37,161.37,-29.29
10*18*2018 10:05:58 AM,756.59,876.39,16.87,744.36,161.36,-29.3
10*18*2018 10:16:05 AM,756.39,876.21,16.9,744.35,161.35,-29.31
10*18*2018 10:26:20 AM,756.29,876.09,16.93,744.32,161.32,-29.34
10*18*2018 10:36:28 AM,756.03,875.86,16.98,744.3,161.3,-29.36
10*18*2018 10:46:39 AM,755.75,875.63,17.02,744.29,161.29,-29.37
10*18*2018 10:56:52 AM,755.49,875.42,17.06,744.27,161.27,-29.39
10*18*2018 11:06:59 AM,755.11,875.17,17.11,744.25,161.25,-29.41
10*18*2018 11:17:11 AM,754.86,874.94,17.15,744.24,161.24,-29.42
10*18*2018 11:27:19 AM,754.66,874.79,17.2,744.22,161.22,-29.44
10*18*2018 11:37:31 AM,754.29,874.49,17.26,744.2,161.2,-29.46
